{"cameraMode":{"drawMode":0,"name":"Shaded","section":"Shading Mode"},"sceneLighting":true,"audioPlay":false,"sceneViewState":{"m_AlwaysRefresh":false,"showFog":true,"showSkybox":true,"showFlares":true,"showImageEffects":true,"showParticleSystems":true,"showVisualEffectGraphs":true,"m_FxEnabled":true},"in2DMode":false,"pivot":{"x":-25.813579559326173,"y":0.26000118255615237,"z":1.8908600807189942},"rotation":{"x":-0.0377340130507946,"y":0.8165581226348877,"z":-0.5735196471214294,"w":-0.05372444912791252},"size":5.3893961906433109,"orthographic":false}