{"cameraMode":{"drawMode":0,"name":"Shaded","section":"Shading Mode"},"sceneLighting":true,"audioPlay":false,"sceneViewState":{"m_AlwaysRefresh":false,"showFog":true,"showSkybox":true,"showFlares":true,"showImageEffects":true,"showParticleSystems":true,"showVisualEffectGraphs":true,"m_FxEnabled":true},"in2DMode":false,"pivot":{"x":26.66826820373535,"y":1.303248643875122,"z":22.65643310546875},"rotation":{"x":-0.007795690558850765,"y":0.9899868965148926,"z":-0.12722331285476685,"w":-0.060662053525447848},"size":1.3950430154800416,"orthographic":false}